gerencia;loc;localidade;unidade;ose;processo;tipo;descricao;equipe;responsavel;data;prazo;qtd_equipamentos
GRGA;IKJ1;GUARAPUAVA;ETA-01 ( SANTANA );IK070887;TRANSMISSOR DE VAZÃO 14FT02 (GUARACÁ);ÁGUA;PREVENTIVA EM CONJº DE MEDIÇÃO DE VAZÃO ELETROMAGNÉTICOS.;SDMAG;;11/09/2020;10/10/2020;0
GRGA;IKJ1;GUARAPUAVA;ETA-01 ( SANTANA );IK070878;TRANSMISSOR DE VAZÃO 14FT01 (GUARACÁ);ÁGUA;PREVENTIVA EM CONJº DE MEDIÇÃO DE VAZÃO ELETROMAGNÉTICOS.;SDMAG;;11/09/2020;10/10/2020;0
GRGA;IKJ1;GUARAPUAVA;ETA-01 ( SANTANA );IK070913;TRANSMISSOR DE VAZÃO 01FT06 (MC006);ÁGUA;PREVENTIVA EM CONJº DE MEDIÇÃO DE VAZÃO ELETROMAGNÉTICOS.;SDMAG;;14/09/2020;13/10/2020;0
GRGA;IKJ1;GUARAPUAVA;ETA-01 ( SANTANA );IK070896;TRANSMISSOR DE VAZÃO 01FT07;ÁGUA;PREVENTIVA EM CONJº DE MEDIÇÃO DE VAZÃO ELETROMAGNÉTICOS.;SDMAG;;18/09/2020;17/10/2020;0
GRGA;IKJ1;GUARAPUAVA;ETA-01 ( SANTANA );IK070904;TRANSMISSOR DE VAZÃO 01FT05 (MC005);ÁGUA;PREVENTIVA EM CONJº DE MEDIÇÃO DE VAZÃO ELETROMAGNÉTICOS.;SDMAG;;18/09/2020;17/10/2020;0
GRGA;IKJ1;GUARAPUAVA;ETA-01 ( SANTANA );IK070940;TRANSMISSOR DE VAZÃO 01FT01 (MC001);ÁGUA;PREVENTIVA EM CONJº DE MEDIÇÃO DE VAZÃO ELETROMAGNÉTICOS.;SDMAG;;23/09/2020;22/10/2020;0
GRGA;IKJ1;GUARAPUAVA;ETA-01 ( SANTANA );IK070959;TRANSMISSOR DE VAZÃO 01FT02 (MC002);ÁGUA;PREVENTIVA EM CONJº DE MEDIÇÃO DE VAZÃO ELETROMAGNÉTICOS.;SDMAG;;23/09/2020;22/10/2020;0
GRGA;IKJ1;GUARAPUAVA;ETA-01 ( SANTANA );IK070922;TRANSMISSOR DE VAZÃO 01FT04 (MC004);ÁGUA;PREVENTIVA EM CONJº DE MEDIÇÃO DE VAZÃO ELETROMAGNÉTICOS.;SDMAG;;25/09/2020;24/10/2020;0
GRGA;IKJ1;GUARAPUAVA;ETA-01 ( SANTANA );IK070931;TRANSMISSOR DE VAZÃO 01FT03 (MC003);ÁGUA;PREVENTIVA EM CONJº DE MEDIÇÃO DE VAZÃO ELETROMAGNÉTICOS.;SDMAG;;25/09/2020;24/10/2020;0
GRPG;QDD1;PONTA GROSSA;EEB-01 (CAPTAÇÃO ALAGADOS);QD197300;PAINÉIS;ÁGUA;MANUTENÇÃO PREVENTIVA EM PAINÉIS ELÉTRICOS.;SDMEA;;01/09/2020;30/09/2020;6
GRPG;QDD2;PONTA GROSSA;EEB-02 (CAPTAÇÃO PITANGUI);QD197274;BOMBA;ÁGUA;LUBRIFICAR EQUIPAMENTOS EM UNIDADES OPERACIONAIS;SDMEA;;01/09/2020;30/09/2020;4
GRPG;QDD1;PONTA GROSSA;EEB-01 (CAPTAÇÃO ALAGADOS);QD197319;EEB-01 (CAPTAÇÃO ALAGADOS);ÁGUA;INSPEÇÃO TERMOGRÁFICA EM UNIDADES OPERACIONAIS (AT/BT);SDMEA;;01/09/2020;30/09/2020;6
GRPG;QDD2;PONTA GROSSA;EEB-02 (CAPTAÇÃO PITANGUI);QD197337;EEB-02 (CAPTAÇÃO PITANGUI);ÁGUA;INSPEÇÃO TERMOGRÁFICA EM UNIDADES OPERACIONAIS (AT/BT);SDMEA;;01/09/2020;30/09/2020;4
GRPG;QDJ3;PONTA GROSSA;ETA-03 (ACTFLO);QD197283;LABIRINTO DE VEDAÇÃO (LADO ACIONAMENTO);ÁGUA;LUBRIFICAR EQUIPAMENTOS EM UNIDADES OPERACIONAIS;SDMEA;;02/09/2020;06/09/2020;0
GRPG;QDD2;PONTA GROSSA;EEB-02 (CAPTAÇÃO PITANGUI);QD197391;BOMBEAMENTO DE PROCESSO;ÁGUA;INSPEÇÃO E REVISÃO MECÂNICA EM EQUIPAMENTOS;SDMEA;;08/09/2020;12/09/2020;4
GRPG;QDJ3;PONTA GROSSA;ETA-03 (ACTFLO);QD197355;LABIRINTO DE VEDAÇÃO (LADO ACIONAMENTO);ÁGUA;LUBRIFICAR EQUIPAMENTOS EM UNIDADES OPERACIONAIS;SDMEA;;09/09/2020;13/09/2020;0
GRPG;QDG3;PONTA GROSSA;EET-03 (ESCRITÓRIO - ATENDIMENTO);QD197373;BOMBEAMENTO DE PROCESSO;ÁGUA;INSPEÇÃO E REVISÃO ELETROMECÂNICA EM UNIDADES OPERACIONAIS;SDMEA;;09/09/2020;20/09/2020;2
GRPG;QDG1;PONTA GROSSA;EET-01 (JD CARVALHO - ETA);QD197346;BOMBEAMENTO DE PROCESSO;ÁGUA;INSPEÇÃO E REVISÃO ELETROMECÂNICA EM UNIDADES OPERACIONAIS;SDMEA;;09/09/2020;20/09/2020;4
GRPG;OQJ2;PALMEIRA;ETA-02 (REN);OQ021412;BOMBEAMENTO DE PROCESSO;ÁGUA;INSPEÇÃO E REVISÃO ELETROMECÂNICA EM UNIDADES OPERACIONAIS;SDMEA;;10/09/2020;29/09/2020;0
GRPG;QDG5;PONTA GROSSA;EET-05 (LOS ANGELES);QD197463;BOMBEAMENTO DE PROCESSO;ÁGUA;INSPEÇÃO E REVISÃO MECÂNICA EM EQUIPAMENTOS;SDMEA;;14/09/2020;25/09/2020;1
GRPG;OYG1;PAPAGAIOS NOVOS (PALMEIRA);EET-01 (BOOSTER DO RAP);OY004277;EET-01 (BOOSTER DO RAP);ÁGUA;INSPEÇÃO E REVISÃO ELETROMECÂNICA EM UNIDADES OPERACIONAIS;SDMEA;;14/09/2020;13/10/2020;2
GRPG;OYG2;PAPAGAIOS NOVOS (PALMEIRA);EET-02 (ESTRADA DO ELEVADO);OY004286;EET-02 (ESTRADA DO ELEVADO);ÁGUA;INSPEÇÃO E REVISÃO ELETROMECÂNICA EM UNIDADES OPERACIONAIS;SDMEA;;14/09/2020;13/10/2020;1
GRPG;OYA1;PAPAGAIOS NOVOS (PALMEIRA);CSB-01;OY004295;PAINEL;ÁGUA;MANUTENÇÃO PREVENTIVA EM PAINÉIS ELÉTRICOS.;SDMEA;;14/09/2020;13/10/2020;1
GRPG;QDD2;PONTA GROSSA;EEB-02 (CAPTAÇÃO PITANGUI);QD197508;BOMBEAMENTO DE PROCESSO;ÁGUA;INSPEÇÃO E REVISÃO MECÂNICA EM EQUIPAMENTOS;SDMEA;;15/09/2020;19/09/2020;4
GRPG;QDJ3;PONTA GROSSA;ETA-03 (ACTFLO);QD197418;LABIRINTO DE VEDAÇÃO (LADO ACIONAMENTO);ÁGUA;LUBRIFICAR EQUIPAMENTOS EM UNIDADES OPERACIONAIS;SDMEA;;16/09/2020;20/09/2020;0
GRPG;QDJ3;PONTA GROSSA;ETA-03 (ACTFLO);QD197427;ROLAMENTO DO MANCAL (MICRO AREIA);ÁGUA;LUBRIFICAR EQUIPAMENTOS EM UNIDADES OPERACIONAIS;SDMEA;;16/09/2020;05/10/2020;0
GRPG;QDG6;PONTA GROSSA;EET-06 (ESPLANADA);QD197436;PAINEL;ÁGUA;MANUTENÇÃO PREVENTIVA EM PAINÉIS ELÉTRICOS.;SDMEA;;18/09/2020;17/10/2020;2
GRPG;QDG9;PONTA GROSSA;EET-09 (MARIA OTILIA);QD197445;PAINEL;ÁGUA;MANUTENÇÃO PREVENTIVA EM PAINÉIS ELÉTRICOS.;SDMEA;;18/09/2020;17/10/2020;1
GRPG;QDGA;PONTA GROSSA;EET-10 (BOOSTER MOEMA);QD197454;PAINÉIS;ÁGUA;MANUTENÇÃO PREVENTIVA EM PAINÉIS ELÉTRICOS.;SDMEA;;18/09/2020;17/10/2020;1
GRPG;IHA4;GUARAGI (PONTA GROSSA);CSB-04;IH002864;PAINEL;ÁGUA;MANUTENÇÃO PREVENTIVA EM PAINÉIS ELÉTRICOS.;SDMEA;;21/09/2020;20/10/2020;1
GRPG;IHG1;GUARAGI (PONTA GROSSA);EET-01 (ESCRITÓRIO);IH002873;PAINEL;ÁGUA;MANUTENÇÃO PREVENTIVA EM PAINÉIS ELÉTRICOS.;SDMEA;;21/09/2020;20/10/2020;3
GRPG;QHG4;PORTO AMAZONAS;EET-04 (BOOSTER BR);QH007210;PAINÉIS;ÁGUA;MANUTENÇÃO PREVENTIVA EM PAINÉIS ELÉTRICOS.;SDMEA;;22/09/2020;21/10/2020;1
GRPG;QHG1;PORTO AMAZONAS;EET-01 (BOOSTER CRISTO REI);QH007193;PAINÉIS;ÁGUA;MANUTENÇÃO PREVENTIVA EM PAINÉIS ELÉTRICOS.;SDMEA;;22/09/2020;21/10/2020;1
GRPG;QHG2;PORTO AMAZONAS;EET-02 (BOOSTER CACAU);QH007201;PAINÉIS;ÁGUA;MANUTENÇÃO PREVENTIVA EM PAINÉIS ELÉTRICOS.;SDMEA;;22/09/2020;21/10/2020;1
GRPG;QDD2;PONTA GROSSA;EEB-02 (CAPTAÇÃO PITANGUI);QD197616;BOMBEAMENTO DE PROCESSO;ÁGUA;INSPEÇÃO E REVISÃO MECÂNICA EM EQUIPAMENTOS;SDMEA;;22/09/2020;26/09/2020;4
GRPG;QDD1;PONTA GROSSA;EEB-01 (CAPTAÇÃO ALAGADOS);QD197643;BOMBEAMENTO DE PROCESSO;ÁGUA;INSPEÇÃO E REVISÃO MECÂNICA EM EQUIPAMENTOS;SDMEA;;22/09/2020;29/09/2020;6
GRPG;QDJ3;PONTA GROSSA;ETA-03 (ACTFLO);QD197553;LABIRINTO DE VEDAÇÃO (LADO ACIONAMENTO);ÁGUA;LUBRIFICAR EQUIPAMENTOS EM UNIDADES OPERACIONAIS;SDMEA;;23/09/2020;27/09/2020;0
GRPG;QDJ1;PONTA GROSSA;ETA-01 (ALAGADOS);QD197562;MANCAL ROLAMENTOS(SOPRADOR);ÁGUA;LUBRIFICAR EQUIPAMENTOS EM UNIDADES OPERACIONAIS;SDMEA;;25/09/2020;24/10/2020;0
GRPG;QDX6;PONTA GROSSA;ETE-06 (CONGONHAS);QD197292;REDUTOR EPICICLOIDAL;ESGOTO;SUBSTITUIR ÓLEO DE EQUIPAMENTOS;SDMEB;ALISON T. DE MELO;02/09/2020;01/10/2020;0
GRPG;QDXA;PONTA GROSSA;ETE-10 TAQUARI COMPACTA;QD197328;ETE-10 TAQUARI COMPACTA;ESGOTO;INSPEÇÃO E REVISÃO ELETROMECÂNICA EM UNIDADES OPERACIONAIS;SDMEB;;04/09/2020;23/09/2020;0
GRPG;JGU3;IPIRANGA;EEE-03 (LINHA TREM);JG012908;BOMBEAMENTO DE PROCESSO;ESGOTO;INSPEÇÃO E REVISÃO ELETROMECÂNICA EM UNIDADES OPERACIONAIS;SDMEB;ALISON T. DE MELO;05/09/2020;24/09/2020;1
GRPG;JGU4;IPIRANGA;EEE-04 FINAL (ETE-01);JG012917;BOMBEAMENTO DE PROCESSO;ESGOTO;INSPEÇÃO E REVISÃO ELETROMECÂNICA EM UNIDADES OPERACIONAIS;SDMEB;ALISON T. DE MELO;06/09/2020;25/09/2020;2
GRPG;OQX1;PALMEIRA;ETE-01;OQ021421;ROLAMENTO DA ROSCA / MANCAL-01-02;ESGOTO;SUBSTITUIR ÓLEO DE EQUIPAMENTOS;SDMEB;;07/09/2020;06/10/2020;0
GRPG;QDX6;PONTA GROSSA;ETE-06 (CONGONHAS);QD197409;ROLAMENTO DA ROSCA / MANCAL-01-02;ESGOTO;LUBRIFICAR EQUIPAMENTOS EM UNIDADES OPERACIONAIS;SDMEB;ALISON T. DE MELO;07/09/2020;18/09/2020;0
GRPG;OQX1;PALMEIRA;ETE-01;OQ021430;ROLAMENTO DA ROSCA / MANCAL-01-02;ESGOTO;LUBRIFICAR EQUIPAMENTOS EM UNIDADES OPERACIONAIS;SDMEB;;07/09/2020;18/09/2020;0
GRPG;QDUG;PONTA GROSSA;EEE-16 SANTA BÁRBARA;QD197364;PAINEL;ESGOTO;MANUTENÇÃO PREVENTIVA EM PAINÉIS ELÉTRICOS.;SDMEB;;07/09/2020;06/10/2020;1
GRPG;QHU2;PORTO AMAZONAS;EEE-02 FIBRA;QH007175;EEE-02 FIBRA;ESGOTO;INSPEÇÃO E REVISÃO ELETROMECÂNICA EM UNIDADES OPERACIONAIS;SDMEB;;11/09/2020;22/09/2020;1
GRPG;QDUA;PONTA GROSSA;EEE-10 BOREAL-EDWIRGES;QD197382;EEE-10 BOREAL-EDWIRGES;ESGOTO;INSPEÇÃO E REVISÃO ELETROMECÂNICA EM UNIDADES OPERACIONAIS;SDMEB;ALISON T. DE MELO;11/09/2020;30/09/2020;1
GRPG;QDUL;PONTA GROSSA;EEE-21 TAQUARI;QD197544;EEE-21 TAQUARI;ESGOTO;MANUTENÇÃO PREVENTIVA EM PAINÉIS ELÉTRICOS.;SDMEB;;13/09/2020;12/10/2020;0
GRPG;QHU3;PORTO AMAZONAS;EEE-03 (CONCEIÇÃO);QH007184;EEE-03 (CONCEIÇÃO);ESGOTO;MANUTENÇÃO PREVENTIVA EM PAINÉIS ELÉTRICOS.;SDMEB;;14/09/2020;13/10/2020;1
GRPG;QDX1;PONTA GROSSA;ETE-01 (RONDA);QD197526;COMPRESSOR;ESGOTO;SUBSTITUIR LUBRIFICANTE DE COMPRESSORES, SOPRADORES E LAVADORAS DE ALTA PRESSÃO;SDMEB;;14/09/2020;25/09/2020;0
GRPG;QDX2;PONTA GROSSA;ETE-02 (VERDE);QD197535;UTILIDADES AR COMPRIMIDO;ESGOTO;SUBSTITUIR LUBRIFICANTE DE COMPRESSORES, SOPRADORES E LAVADORAS DE ALTA PRESSÃO;SDMEB;;14/09/2020;25/09/2020;0
GRPG;QDX6;PONTA GROSSA;ETE-06 (CONGONHAS);QD197481;PAINEL;ESGOTO;MANUTENÇÃO PREVENTIVA EM PAINÉIS ELÉTRICOS.;SDMEB;ALISON T. DE MELO;17/09/2020;16/10/2020;0
GRPG;QDX8;PONTA GROSSA;ETE-08 ST. BARBARA (AEROPORTO);QD197490;PAINÉIS;ESGOTO;MANUTENÇÃO PREVENTIVA EM PAINÉIS ELÉTRICOS.;SDMEB;;17/09/2020;16/10/2020;1
GRPG;OQU1;PALMEIRA;EEE-01;OQ021458;BOMBEAMENTO DE PROCESSO;ESGOTO;INSPEÇÃO E REVISÃO ELETROMECÂNICA EM UNIDADES OPERACIONAIS;SDMEB;;17/09/2020;28/09/2020;1
GRPG;QDU4;PONTA GROSSA;EEE-04 (PARQUE DOS FRANCESES);QD197472;EEE-04 (PARQUE DOS FRANCESES);ESGOTO;INSPEÇÃO E REVISÃO ELETROMECÂNICA EM UNIDADES OPERACIONAIS;SDMEB;ALISON T. DE MELO;19/09/2020;18/10/2020;1
GRPG;QDX1;PONTA GROSSA;ETE-01 (RONDA);QD197652;PAINEL;ESGOTO;MANUTENÇÃO PREVENTIVA EM PAINÉIS ELÉTRICOS.;SDMEB;;21/09/2020;20/10/2020;0
GRPG;QDX4;PONTA GROSSA;ETE-04 (TIBAGI);QD197607;PAINEL;ESGOTO;MANUTENÇÃO PREVENTIVA EM PAINÉIS ELÉTRICOS.;SDMEB;ALISON T. DE MELO;21/09/2020;20/10/2020;0
GRPG;QDU9;PONTA GROSSA;EEE-09 GRALHA AZUL;QD197580;PAINEL;ESGOTO;MANUTENÇÃO PREVENTIVA EM PAINÉIS ELÉTRICOS.;SDMEB;ALISON T. DE MELO;22/09/2020;21/10/2020;2
GRPG;QDU1;PONTA GROSSA;EEE-01 (RONDA);QD197571;EEE-01 (RONDA);ESGOTO;INSPEÇÃO E REVISÃO ELETROMECÂNICA EM UNIDADES OPERACIONAIS;SDMEB;;23/09/2020;04/10/2020;2
GRPG;QHU1;PORTO AMAZONAS;EEE-01;QH007229;EEE-01;ESGOTO;INSPEÇÃO E REVISÃO ELETROMECÂNICA EM UNIDADES OPERACIONAIS;SDMEB;;23/09/2020;12/10/2020;1
GRPG;QDX2;PONTA GROSSA;ETE-02 (VERDE);QD197599;PAINEL;ESGOTO;MANUTENÇÃO PREVENTIVA EM PAINÉIS ELÉTRICOS.;SDMEB;;24/09/2020;23/10/2020;0
GRPG;QDUJ;PONTA GROSSA;EEE-19 ALPHAVILLE (INTERMEDIÁRIO FINAL);QD197625;MOTOR;ESGOTO;LUBRIFICAÇÃO DE MOTORES ELÉTRICOS;SDMEB;ALISON T. DE MELO;25/09/2020;24/10/2020;1
GRPG;QDUI;PONTA GROSSA;EEE-18 ALPHAVILLE (ENTRADA);QD197634;MOTOR;ESGOTO;LUBRIFICAÇÃO DE MOTORES ELÉTRICOS;SDMEB;ALISON T. DE MELO;25/09/2020;24/10/2020;1
GRUV;LXX2;MALLET;ETE-02 COMPACTO;LX007517;REDUTOR EPICICLOIDAL;ESGOTO;SUBSTITUIR ÓLEO DE EQUIPAMENTOS;SDMED;;02/09/2020;01/10/2020;0
GRUV;LXX2;MALLET;ETE-02 COMPACTO;LX007535;ROLAMENTO DA ROSCA / MANCAL-01-02 DECANTER;ESGOTO;LUBRIFICAR EQUIPAMENTOS EM UNIDADES OPERACIONAIS;SDMED;;07/09/2020;18/09/2020;0
GRUV;LXJ1;MALLET;ETA-01 EEB;LX007526;CMB 01 (DOSADORA);ÁGUA;SUBSTITUIR ÓLEO DE EQUIPAMENTOS;SDMED;;11/09/2020;10/10/2020;0
GRUV;AVG1;ANTÔNIO OLINTO;EET-01 (VILA RURAL);AV003232;PAINÉIS;ÁGUA;MANUTENÇÃO PREVENTIVA EM PAINÉIS ELÉTRICOS.;SDMED;;12/09/2020;11/10/2020;1
GRUV;AVA1;ANTÔNIO OLINTO;CSB-01;AV003241;CSB-01;ÁGUA;INSPEÇÃO E REVISÃO ELETROMECÂNICA EM UNIDADES OPERACIONAIS;SDMED;;12/09/2020;11/10/2020;1
GRUV;UTU1;SÃO MATEUS DO SUL;EEE-A (TAMAREIRAS);UT035543;CMB 01 (SUBMERSÍVEL);ESGOTO;INSPEÇÃO E REVISÃO ELETROMECÂNICA EM UNIDADES OPERACIONAIS;SDMED;;15/09/2020;22/09/2020;1
GRUV;UTU2;SÃO MATEUS DO SUL;EEE-B (PRAÇA IGUAÇU);UT035552;CMB 01(SUBMERSÍVEL);ESGOTO;INSPEÇÃO E REVISÃO ELETROMECÂNICA EM UNIDADES OPERACIONAIS;SDMED;;15/09/2020;22/09/2020;1
GRUV;UTU3;SÃO MATEUS DO SUL;EEE-C (USINA VELHA);UT035561;EEE-C (USINA VELHA);ESGOTO;INSPEÇÃO E REVISÃO ELETROMECÂNICA EM UNIDADES OPERACIONAIS;SDMED;;15/09/2020;22/09/2020;1
GRUV;UEA2;SÃO JOÃO DO TRIUNFO;CSB-02;UE012142;PAINÉIS;ÁGUA;MANUTENÇÃO PREVENTIVA EM PAINÉIS ELÉTRICOS.;SDMED;;19/09/2020;18/10/2020;1
GRUV;UEG5;SÃO JOÃO DO TRIUNFO;EET-05;UE012151;PAINEL;ÁGUA;MANUTENÇÃO PREVENTIVA EM PAINÉIS ELÉTRICOS.;SDMED;;21/09/2020;20/10/2020;1
GRUV;LXX2;MALLET;ETE-02 COMPACTO;LX007553;MANCAL-01-02-03(RASPADOR), MANCAL-01(ROSCA);ESGOTO;LUBRIFICAR EQUIPAMENTOS EM UNIDADES OPERACIONAIS;SDMED;;21/09/2020;10/10/2020;0
GRUV;PIJ1;PAULO FRONTIN;ETA-01;PI003223;PAINÉIS;ÁGUA;MANUTENÇÃO PREVENTIVA EM PAINÉIS ELÉTRICOS.;SDMED;;24/09/2020;23/10/2020;0
GRUV;RXJ1;RIO CLARO DO SUL (MALLET);ETA-01;RX001991;CMB 01 (DOSADORA);ÁGUA;SUBSTITUIR ÓLEO DE EQUIPAMENTOS;SDMED;;25/09/2020;24/10/2020;0
GRUV;UTD1;SÃO MATEUS DO SUL;EEB-01 (CAPTAÇÃO);UT035570;PAINÉIS;ÁGUA;MANUTENÇÃO PREVENTIVA EM PAINÉIS ELÉTRICOS.;SDMED;;26/09/2020;25/10/2020;1
GRTB;OFG1;ORTIGUEIRA;EET-01 ETA;OF009515;MANCAL LADO RECALQUE;ÁGUA;LUBRIFICAR EQUIPAMENTOS EM UNIDADES OPERACIONAIS;SDMEE;;01/09/2020;20/09/2020;2
GRTB;VYG5;TELÊMACO BORBA;EET-05 ALTO DAS OLIVEIRAS;VY040501;PAINÉIS;ÁGUA;MANUTENÇÃO PREVENTIVA EM PAINÉIS ELÉTRICOS.;SDMEE;;01/09/2020;30/09/2020;2
GRTB;WCU5;TIBAGI;EEE-05 SÃO JOSÉ;WC011512;PAINEL;ESGOTO;MANUTENÇÃO PREVENTIVA EM PAINÉIS ELÉTRICOS.;SDMEE;;04/09/2020;03/10/2020;0
GRTB;OFJ1;ORTIGUEIRA;ETA-01;OF009524;PAINÉIS;ÁGUA;MANUTENÇÃO PREVENTIVA EM PAINÉIS ELÉTRICOS.;SDMEE;;04/09/2020;03/10/2020;0
GRTB;WCU4;TIBAGI;EEE-04;WC011503;CMB 1 (SUBMERSÍVEL);ESGOTO;INSPEÇÃO E REVISÃO MECÂNICA EM EQUIPAMENTOS;SDMEE;;04/09/2020;03/10/2020;1
GRTB;WCU2;TIBAGI;EEE-02;WC011521;PAINEL;ESGOTO;MANUTENÇÃO PREVENTIVA EM PAINÉIS ELÉTRICOS.;SDMEE;;05/09/2020;04/10/2020;1
GRTB;VYX3;TELÊMACO BORBA;ETE-03 BANDEIRANTES;VY040547;PAINÉIS;ESGOTO;MANUTENÇÃO PREVENTIVA EM PAINÉIS ELÉTRICOS.;SDMEE;;07/09/2020;06/10/2020;0
GRTB;VYX1;TELÊMACO BORBA;ETE-01 LIMEIRA;VY040529;ROLAMENTO DA ROSCA / MANCAL-01-02;ESGOTO;LUBRIFICAR EQUIPAMENTOS EM UNIDADES OPERACIONAIS;SDMEE;;07/09/2020;26/09/2020;0
GRTB;JBU3;IMBAÚ;EEE-03 PEIXE;JB010117;EEE-03 PEIXE;ESGOTO;INSPEÇÃO E REVISÃO ELETROMECÂNICA EM UNIDADES OPERACIONAIS;SDMEE;;10/09/2020;09/10/2020;1
GRTB;JBU1;IMBAÚ;EEE-01 TREVO;JB010126;EEE-01 TREVO;ESGOTO;INSPEÇÃO E REVISÃO ELETROMECÂNICA EM UNIDADES OPERACIONAIS;SDMEE;;10/09/2020;09/10/2020;1
GRTB;JBU2;IMBAÚ;EEE-02 CEMITÉRIO;JB010135;EEE-02 CEMITÉRIO;ESGOTO;INSPEÇÃO E REVISÃO ELETROMECÂNICA EM UNIDADES OPERACIONAIS;SDMEE;;10/09/2020;09/10/2020;0
GRTB;JBJ1;IMBAÚ;ETA-01;JB010144;ETA-01;ÁGUA;INSPEÇÃO E REVISÃO ELETROMECÂNICA EM UNIDADES OPERACIONAIS;SDMEE;;10/09/2020;29/09/2020;0
GRTB;VYD1;TELÊMACO BORBA;EEB-01;VY040538;EEB-01;ÁGUA;INSPEÇÃO E REVISÃO ELETROMECÂNICA EM UNIDADES OPERACIONAIS;SDMEE;;11/09/2020;22/09/2020;1
GRTB;VYG1;TELÊMACO BORBA;EET-01(ETA);VY040510;QDLF - 01 (EET - 01);ÁGUA;MANUTENÇÃO PREVENTIVA EM PAINÉIS ELÉTRICOS.;SDMEE;;12/09/2020;11/10/2020;4
GRTB;RMG3;RESERVA;EET-03 BOOSTER DO VAU;RM019019;PAINEL;ÁGUA;MANUTENÇÃO PREVENTIVA EM PAINÉIS ELÉTRICOS.;SDMEE;;14/09/2020;13/10/2020;1
GRTB;RMG6;RESERVA;EET-06 (ASSOCIAÇÃO DOS CATADORES);RM019028;PAINEL;ÁGUA;MANUTENÇÃO PREVENTIVA EM PAINÉIS ELÉTRICOS.;SDMEE;;14/09/2020;13/10/2020;1
GRTB;RMG5;RESERVA;EET-05 (SÃO FRANCISCO);RM019037;PAINÉIS;ÁGUA;MANUTENÇÃO PREVENTIVA EM PAINÉIS ELÉTRICOS.;SDMEE;;14/09/2020;13/10/2020;1
GRTB;RMD1;RESERVA;EEB-01 (MAROMBA);RM019046;BOMBEAMENTO DE PROCESSO;ÁGUA;INSPEÇÃO E REVISÃO MECÂNICA EM EQUIPAMENTOS;SDMEE;;14/09/2020;25/09/2020;2
GRTB;VYU3;TELÊMACO BORBA;EEE-03 CASA BELA;VY040556;PAINEL;ESGOTO;MANUTENÇÃO PREVENTIVA EM PAINÉIS ELÉTRICOS.;SDMEE;;18/09/2020;17/10/2020;1
GRTB;VYX1;TELÊMACO BORBA;ETE-01 LIMEIRA;VY040574;REDUTOR EPICICLOIDAL;ESGOTO;SUBSTITUIR ÓLEO DE EQUIPAMENTOS;SDMEE;;21/09/2020;20/10/2020;0
GRTB;OFU2;ORTIGUEIRA;EEE-02 GODOY;OF009542;EEE-02 GODOY;ESGOTO;INSPEÇÃO E REVISÃO ELETROMECÂNICA EM UNIDADES OPERACIONAIS;SDMEE;;24/09/2020;23/10/2020;0
GRTB;OFG1;ORTIGUEIRA;EET-01 ETA;OF009533;PAINEL;ÁGUA;MANUTENÇÃO PREVENTIVA EM PAINÉIS ELÉTRICOS.;SDMEE;;24/09/2020;23/10/2020;2
GRTB;OFD1;ORTIGUEIRA;EEB-01 (ETA);OF009551;PAINÉIS;ÁGUA;MANUTENÇÃO PREVENTIVA EM PAINÉIS ELÉTRICOS.;SDMEE;;24/09/2020;23/10/2020;2
GRTB;RMJ1;RESERVA;ETA-01;RM019055;ETA-01;ÁGUA;INSPEÇÃO E REVISÃO ELETROMECÂNICA EM UNIDADES OPERACIONAIS;SDMEE;;25/09/2020;14/10/2020;0
GRTB;VYG4;TELÊMACO BORBA;EET-04 PRESIDENTE VARGAS;VY040583;PAINÉIS;ÁGUA;MANUTENÇÃO PREVENTIVA EM PAINÉIS ELÉTRICOS.;SDMEE;;25/09/2020;24/10/2020;3
GRTB;VYJ1;TELÊMACO BORBA;ETA-01;VY040565;QDF - 06 (HIDROGEROX);ÁGUA;MANUTENÇÃO PREVENTIVA EM PAINÉIS ELÉTRICOS.;SDMEE;;25/09/2020;24/10/2020;0
GRTB;AZG8;ARAPOTI;EET-08 (REL-IMPACEL);AZ015013;PAINEL;ÁGUA;MANUTENÇÃO PREVENTIVA EM PAINÉIS ELÉTRICOS.;SDMEF;;01/09/2020;30/09/2020;0
GRTB;EFX2;CARAMBEÍ;ETE-02 (POLO - 02);EF023159;PAINÉIS;ESGOTO;MANUTENÇÃO PREVENTIVA EM PAINÉIS ELÉTRICOS.;SDMEF;;03/09/2020;02/10/2020;0
GRTB;EJG9;CASTRO;EET-09 ALVORADA;EJ034283;PAINEL;ÁGUA;MANUTENÇÃO PREVENTIVA EM PAINÉIS ELÉTRICOS.;SDMEF;;07/09/2020;06/10/2020;0
GRTB;AZG6;ARAPOTI;EET-06 (JOSÉ DIAS);AZ015040;EET-06 (JOSÉ DIAS);ÁGUA;INSPEÇÃO E REVISÃO ELETROMECÂNICA EM UNIDADES OPERACIONAIS;SDMEF;;07/09/2020;06/10/2020;1
GRTB;PWX2;PIRAÍ DO SUL;ETE-02 (PIRAÍ);PW011495;UTILIDADE DE AR COMPRIMIDO;ESGOTO;INSPEÇÃO MECÂNICA EM COMPRESSORES;SDMEF;;08/09/2020;07/10/2020;0
GRTB;PWJ1;PIRAÍ DO SUL;ETA-01;PW011486;DOSADORA;ÁGUA;SUBSTITUIR ÓLEO DE EQUIPAMENTOS;SDMEF;;09/09/2020;08/10/2020;0
GRTB;AZA1;ARAPOTI;CSB-01 (EET - 01);AZ015031;PAINÉIS;ÁGUA;MANUTENÇÃO PREVENTIVA EM PAINÉIS ELÉTRICOS.;SDMEF;;10/09/2020;09/10/2020;1
GRTB;AZU2;ARAPOTI;EEE-02;AZ015022;BOMBEAMENTO DE PROCESSO;ESGOTO;INSPEÇÃO E REVISÃO ELETROMECÂNICA EM UNIDADES OPERACIONAIS;SDMEF;;10/09/2020;29/09/2020;1
GRTB;EFU2;CARAMBEÍ;EEE-02 LAGEADO;EF023168;EEE-02 LAGEADO;ESGOTO;INSPEÇÃO E REVISÃO ELETROMECÂNICA EM UNIDADES OPERACIONAIS;SDMEF;;10/09/2020;09/10/2020;1
GRTB;EJU6;CASTRO;EEE-06 CASTROLANDA;EJ034256;PAINEL;ESGOTO;MANUTENÇÃO PREVENTIVA EM PAINÉIS ELÉTRICOS.;SDMEF;;11/09/2020;10/10/2020;1
GRTB;EJJ1;CASTRO;ETA-01;EJ034274;ETA-01;ÁGUA;INSPEÇÃO E REVISÃO ELETROMECÂNICA EM UNIDADES OPERACIONAIS;SDMEF;;11/09/2020;22/09/2020;0
GRTB;EJD2;CASTRO;EEB-02 (CAP. SÃO CRISTÓVÃO);EJ034265;BOMBEAMENTO DE PROCESSO;ÁGUA;INSPEÇÃO E REVISÃO MECÂNICA EM EQUIPAMENTOS;SDMEF;;11/09/2020;22/09/2020;1
GRTB;EJX1;CASTRO;ETE-01 (IAPÓ);EJ034292;ROLAMENTO DA ROSCA / MANCAL-01-02;ESGOTO;LUBRIFICAR EQUIPAMENTOS EM UNIDADES OPERACIONAIS;SDMEF;;14/09/2020;25/09/2020;0
GRTB;EJD1;CASTRO;EEB-01(CAPTAÇÃO IAPÓ);EJ034319;EEB-01(CAPTAÇÃO IAPÓ);ÁGUA;INSPEÇÃO E REVISÃO ELETROMECÂNICA EM UNIDADES OPERACIONAIS;SDMEF;;14/09/2020;25/09/2020;1
GRTB;EJX1;CASTRO;ETE-01 (IAPÓ);EJ034300;COMPRESSOR;ESGOTO;SUBSTITUIR LUBRIFICANTE DE COMPRESSORES, SOPRADORES E LAVADORAS DE ALTA PRESSÃO;SDMEF;;15/09/2020;14/10/2020;0
GRTB;EFA3;CARAMBEÍ;CSB-03 (CSB-02);EF023177;CMB-01 ADUÇÃO ETA-02;ÁGUA;SUBSTITUIR ÓLEO DE EQUIPAMENTOS;SDMEF;;16/09/2020;15/10/2020;1
GRTB;EJU2;CASTRO;EEE-02 (ELEVATÓRIA DO LAGO);EJ034328;EEE-02 (ELEVATÓRIA DO LAGO);ESGOTO;INSPEÇÃO E REVISÃO ELETROMECÂNICA EM UNIDADES OPERACIONAIS;SDMEF;;16/09/2020;27/09/2020;2
GRTB;VJU6;SENGÉS;EEE-06 (LOTEAMENTO APOLO);VJ010711;EEE-06 (LOTEAMENTO APOLO);ESGOTO;INSPEÇÃO E REVISÃO ELETROMECÂNICA EM UNIDADES OPERACIONAIS;SDMEF;;17/09/2020;16/10/2020;1
GRTB;OJA1;OURO VERDE (SENGÉS);CSB-01 (CENTRO);OJ000965;PAINÉIS;ÁGUA;MANUTENÇÃO PREVENTIVA EM PAINÉIS ELÉTRICOS.;SDMEF;;19/09/2020;18/10/2020;1
GRTB;VJU5;SENGÉS;EEE-05 (RODOVIA PR);VJ010702;PAINÉIS;ESGOTO;MANUTENÇÃO PREVENTIVA EM PAINÉIS ELÉTRICOS.;SDMEF;;19/09/2020;18/10/2020;1
GRTB;OJA4;OURO VERDE (SENGÉS);CSB-04 (FORA DO CENTRO DA CIDADE);OJ000974;PAINÉIS;ÁGUA;MANUTENÇÃO PREVENTIVA EM PAINÉIS ELÉTRICOS.;SDMEF;;19/09/2020;18/10/2020;1
GRTB;OJA6;OURO VERDE (SENGÉS);CSB-06;OJ000956;PAINEL;ÁGUA;MANUTENÇÃO PREVENTIVA EM PAINÉIS ELÉTRICOS.;SDMEF;;19/09/2020;18/10/2020;1
GRTB;EFU3;CARAMBEÍ;EEE-03 VILA BANANA;EF023186;BOMBEAMENTO DE PROCESSO;ESGOTO;INSPEÇÃO E REVISÃO MECÂNICA EM SUBMERSÍVEIS;SDMEF;;21/09/2020;20/10/2020;1
GRTB;EFU1;CARAMBEÍ;EEE-01 BOQUEIRÃO;EF023195;PAINÉIS;ESGOTO;MANUTENÇÃO PREVENTIVA EM PAINÉIS ELÉTRICOS.;SDMEF;;23/09/2020;22/10/2020;1
GRTB;VJJ1;SENGÉS;ETA-01;VJ010739;BOMBA;ÁGUA;LUBRIFICAR EQUIPAMENTOS EM UNIDADES OPERACIONAIS;SDMEF;;23/09/2020;12/10/2020;0
GRTB;WVJ2;VENTANIA;ETA-02 (ESCRITÓRIO);WV003890;PAINÉIS;ÁGUA;MANUTENÇÃO PREVENTIVA EM PAINÉIS ELÉTRICOS.;SDMEF;;25/09/2020;24/10/2020;0
GRTB;WVA2;VENTANIA;CSB-02;WV003872;CSB-02;ÁGUA;INSPEÇÃO E REVISÃO ELETROMECÂNICA EM UNIDADES OPERACIONAIS;SDMEF;;25/09/2020;24/10/2020;1
GRTB;WVU1;VENTANIA;EEE-01;WV003881;EEE-01;ESGOTO;INSPEÇÃO E REVISÃO ELETROMECÂNICA EM UNIDADES OPERACIONAIS;SDMEF;;25/09/2020;24/10/2020;1
GRPG;JUD3;IVAÍ;EEB-03 CÂMARA DE CONTATO;JU011206;BOMBEAMENTO DE PROCESSO;ÁGUA;INSPEÇÃO E REVISÃO MECÂNICA EM EQUIPAMENTOS;SDMEG;;07/09/2020;18/09/2020;1
GRPG;QTG5;PRUDENTÓPOLIS;EET-05;QT028334;PAINEL;ÁGUA;MANUTENÇÃO PREVENTIVA EM PAINÉIS ELÉTRICOS.;SDMEG;;10/09/2020;09/10/2020;1
GRPG;JUX1;IVAÍ;ETE-01;JU011215;ETE-01;ESGOTO;INSPEÇÃO E REVISÃO ELETROMECÂNICA EM UNIDADES OPERACIONAIS;SDMEG;;12/09/2020;23/09/2020;1
GRPG;QTU1;PRUDENTÓPOLIS;EEE-01 (POUSINHO);QT028343;EEE-01 (POUSINHO);ESGOTO;INSPEÇÃO E REVISÃO ELETROMECÂNICA EM UNIDADES OPERACIONAIS;SDMEG;;14/09/2020;25/09/2020;1
GRPG;QTD7;PRUDENTÓPOLIS;EEB-07 RIO;QT028370;PAINEL;ÁGUA;MANUTENÇÃO PREVENTIVA EM PAINÉIS ELÉTRICOS.;SDMEG;;17/09/2020;16/10/2020;1
GRPG;QTU2;PRUDENTÓPOLIS;EEE-02 VILA FLORES;QT028389;PAINEL;ESGOTO;MANUTENÇÃO PREVENTIVA EM PAINÉIS ELÉTRICOS.;SDMEG;;17/09/2020;16/10/2020;2
GRPG;QTJ1;PRUDENTÓPOLIS;ETA-01;QT028352;FLOTAÇÃO;ÁGUA;INSPEÇÃO E REVISÃO MECÂNICA EM EQUIPAMENTOS;SDMEG;;18/09/2020;29/09/2020;0
GRPG;QTD8;PRUDENTÓPOLIS;EEB-08 HORIZONTAL;QT028361;BOMBEAMENTO DE PROCESSO;ÁGUA;INSPEÇÃO E REVISÃO ELETROMECÂNICA EM UNIDADES OPERACIONAIS;SDMEG;;18/09/2020;29/09/2020;1
GRPG;QTU4;PRUDENTÓPOLIS;EEE-04 MARIANA;QT028406;QDF - 01;ESGOTO;MANUTENÇÃO PREVENTIVA EM PAINÉIS ELÉTRICOS.;SDMEG;;21/09/2020;20/10/2020;0
GRPG;QTG7;PRUDENTÓPOLIS;EET-07;QT028398;PAINEL;ÁGUA;MANUTENÇÃO PREVENTIVA EM PAINÉIS ELÉTRICOS.;SDMEG;;25/09/2020;24/10/2020;0
GRPG;JJX1;IRATI;ETE-01;JJ054812;ETE-01;ESGOTO;INSPEÇÃO E REVISÃO ELETROMECÂNICA EM UNIDADES OPERACIONAIS;SDMEH;;04/09/2020;23/09/2020;0
GRPG;JJU7;IRATI;EEE-07 GUTIERRES;JJ054830;EEE-07 GUTIERRES;ESGOTO;INSPEÇÃO E REVISÃO ELETROMECÂNICA EM UNIDADES OPERACIONAIS;SDMEH;;05/09/2020;04/10/2020;0
GRPG;YGG2;TEIXEIRA SOARES;EET-02;YG005717;PAINEL;ÁGUA;MANUTENÇÃO PREVENTIVA EM PAINÉIS ELÉTRICOS.;SDMEH;;05/09/2020;04/10/2020;1
GRPG;JJU4;IRATI;EEE-04 (FINAL/CANESIANAS);JJ054821;PAINÉIS;ESGOTO;MANUTENÇÃO PREVENTIVA EM PAINÉIS ELÉTRICOS.;SDMEH;;05/09/2020;04/10/2020;2
GRPG;YGA9;TEIXEIRA SOARES;CSB-09;YG005744;PAINEL;ÁGUA;MANUTENÇÃO PREVENTIVA EM PAINÉIS ELÉTRICOS.;SDMEH;;07/09/2020;06/10/2020;1
GRPG;YGU1;TEIXEIRA SOARES;EEE-01 (BLUMENAU);YG005726;PAINEL;ESGOTO;MANUTENÇÃO PREVENTIVA EM PAINÉIS ELÉTRICOS.;SDMEH;;07/09/2020;06/10/2020;0
GRPG;YGU2;TEIXEIRA SOARES;EEE-02 BLUMENAU (INTERMEDIÁRIA);YG005735;PAINEL;ESGOTO;MANUTENÇÃO PREVENTIVA EM PAINÉIS ELÉTRICOS.;SDMEH;;07/09/2020;06/10/2020;0
GRPG;JJJ1;IRATI;ETA-01 (CEPIS);JJ054858;ETA-01 (CEPIS);ÁGUA;INSPEÇÃO E REVISÃO ELETROMECÂNICA EM UNIDADES OPERACIONAIS;SDMEH;;09/09/2020;20/09/2020;0
GRPG;JCU1;IMBITUVA;EEE-01;JC043373;BOMBEAMENTO DE PROCESSO;ESGOTO;INSPEÇÃO E REVISÃO ELETROMECÂNICA EM UNIDADES OPERACIONAIS;SDMEH;;10/09/2020;21/09/2020;1
GRPG;JJA4;IRATI;CSB-04 NHAPINDAZAL NOVO;JJ054849;BOMBEAMENTO DE PROCESSO;ÁGUA;INSPEÇÃO E REVISÃO ELETROMECÂNICA EM UNIDADES OPERACIONAIS;SDMEH;;11/09/2020;30/09/2020;1
GRPG;JCD2;IMBITUVA;EEB-02 (HIGRAS);JC043382;BOMBEAMENTO DE PROCESSO;ÁGUA;INSPEÇÃO E REVISÃO ELETROMECÂNICA EM UNIDADES OPERACIONAIS;SDMEH;;12/09/2020;01/10/2020;4
GRPG;JJGD;IRATI;EET-13 FÓSFORO;JJ054867;PAINÉIS;ÁGUA;MANUTENÇÃO PREVENTIVA EM PAINÉIS ELÉTRICOS.;SDMEH;;15/09/2020;14/10/2020;1
GRPG;JJD2;IRATI;EEB-02 (IMBITUVÃO);JJ054894;EEB-02 (IMBITUVÃO);ÁGUA;INSPEÇÃO E REVISÃO ELETROMECÂNICA EM UNIDADES OPERACIONAIS;SDMEH;;16/09/2020;27/09/2020;2
GRPG;LQG1;LONTRÃO (IMBITUVA);EET-01;LQ001144;PAINÉIS;ÁGUA;MANUTENÇÃO PREVENTIVA EM PAINÉIS ELÉTRICOS.;SDMEH;;18/09/2020;17/10/2020;1
GRPG;JJG3;IRATI;EET-03 CALIFÓRNIA;JJ054876;BOMBA;ÁGUA;SUBSTITUIR ÓLEO DE EQUIPAMENTOS;SDMEH;;18/09/2020;17/10/2020;1
GRPG;JJU6;IRATI;EEE-06 RIOZINHO;JJ054885;PAINEL;ESGOTO;MANUTENÇÃO PREVENTIVA EM PAINÉIS ELÉTRICOS.;SDMEH;;19/09/2020;18/10/2020;1
GRPG;JCU4;IMBITUVA;EEE-04 VILA NOVA;JC043409;EEE-04 VILA NOVA;ESGOTO;INSPEÇÃO E REVISÃO ELETROMECÂNICA EM UNIDADES OPERACIONAIS;SDMEH;;21/09/2020;10/10/2020;1
GRPG;JJA2;IRATI;CSB-02 (SAÍDA PARA IMBITUVA);JJ054902;CSB-02 (SAÍDA PARA IMBITUVA);ÁGUA;INSPEÇÃO E REVISÃO ELETROMECÂNICA EM UNIDADES OPERACIONAIS;SDMEH;;21/09/2020;20/10/2020;1
GRPG;GWG1;FERNANDES PINHEIRO;EET-01;GW002837;PAINEL;ÁGUA;MANUTENÇÃO PREVENTIVA EM PAINÉIS ELÉTRICOS.;SDMEH;;21/09/2020;20/10/2020;1
GRPG;JCU2;IMBITUVA;EEE-02;JC043391;BOMBA;ESGOTO;SUBSTITUIR ÓLEO DE EQUIPAMENTOS;SDMEH;;23/09/2020;22/10/2020;1
GRPG;JJU2;IRATI;EEE-02 (LAGOA);JJ054911;PAINÉIS;ESGOTO;MANUTENÇÃO PREVENTIVA EM PAINÉIS ELÉTRICOS.;SDMEH;;25/09/2020;24/10/2020;1
GRUV;RIU5;REBOUÇAS;EEE-05;RI015590;PAINEL;ESGOTO;MANUTENÇÃO PREVENTIVA EM PAINÉIS ELÉTRICOS.;SDMEH;;09/09/2020;08/10/2020;0
GRUV;RIJ1;REBOUÇAS;ETA-01;RI015608;FLOCULAÇÃO (CMR-01-02);ÁGUA;INSPEÇÃO E REVISÃO MECÂNICA EM EQUIPAMENTOS;SDMEH;;09/09/2020;28/09/2020;0
GRUV;RIG1;REBOUÇAS;EET-01;RI015617;BOMBEAMENTO DE PROCESSO;ÁGUA;MANUTENÇÃO PREVENTIVA EM PAINÉIS ELÉTRICOS.;SDMEH;;25/09/2020;24/10/2020;1
GRGA;QBG1;POEMA (NOVA TEBAS);EET-01 POÇO FALSO (TORRE);QB003070;PAINÉIS;ÁGUA;INSPEÇÃO E REVISÃO ELETROMECÂNICA EM UNIDADES OPERACIONAIS;SDMEI;;04/09/2020;03/10/2020;1
GRGA;QBA3;POEMA (NOVA TEBAS);CSB-03 CAVALO;QB003043;PAINÉIS;ÁGUA;MANUTENÇÃO PREVENTIVA EM PAINÉIS ELÉTRICOS.;SDMEI;;04/09/2020;03/10/2020;1
GRGA;QBA1;POEMA (NOVA TEBAS);CSB-01 EST AGUA ROSEIRA (TORRE);QB003052;CSB-01 EST AGUA ROSEIRA (TORRE);ÁGUA;MANUTENÇÃO PREVENTIVA EM PAINÉIS ELÉTRICOS.;SDMEI;;04/09/2020;03/10/2020;1
GRGA;QBA2;POEMA (NOVA TEBAS);CSB-02( EST. POM. M. ALQUEIRES ) VILA RURAL;QB003061;PAINÉIS;ÁGUA;MANUTENÇÃO PREVENTIVA EM PAINÉIS ELÉTRICOS.;SDMEI;;04/09/2020;03/10/2020;1
GRGA;IKG9;GUARAPUAVA;EET-09 AEROPORTO;IK070742;PAINÉIS;ÁGUA;MANUTENÇÃO PREVENTIVA EM PAINÉIS ELÉTRICOS.;SDMEI;;07/09/2020;06/10/2020;1
GRGA;GJA9;ENTRE RIOS (GUARAPUAVA);CSB-02 LAVOURA ( COLÔN. CACHOEIRA);GJ012403;CSB-02 LAVOURA ( COLÔN. CACHOEIRA);ÁGUA;INSPEÇÃO E REVISÃO ELETROMECÂNICA EM UNIDADES OPERACIONAIS;SDMEI;;10/09/2020;09/10/2020;1
GRGA;IKD1;GUARAPUAVA;EEB-01 ( CAPTAÇÃO );IK070760;MOTOR;ÁGUA;SUBSTITUIR ÓLEO DE EQUIPAMENTOS;SDMEI;;11/09/2020;10/10/2020;3
GRGA;IKD1;GUARAPUAVA;EEB-01 ( CAPTAÇÃO );IK070751;BOMBA;ÁGUA;SUBSTITUIR ÓLEO DE EQUIPAMENTOS;SDMEI;;11/09/2020;10/10/2020;3
GRGA;PYJ2;PITANGA;ETA-02 (R. NOVA TEBAS);PY007580;PAINEL;ÁGUA;MANUTENÇÃO PREVENTIVA EM PAINÉIS ELÉTRICOS.;SDMEI;JONES M. COVALEKI (J;12/09/2020;11/10/2020;0
GRGA;PYJ1;PITANGA;ETA-01 (R. ALEXANDRE BUCHMANN);PY007599;ETA-01 (R. ALEXANDRE BUCHMANN);ÁGUA;INSPEÇÃO E REVISÃO ELETROMECÂNICA EM UNIDADES OPERACIONAIS;SDMEI;JONES M. COVALEKI (J;12/09/2020;01/10/2020;0
GRGA;DQA1;IBEMA (TURVO);CSB-01;DQ000064;PAINEL;ÁGUA;MANUTENÇÃO PREVENTIVA EM PAINÉIS ELÉTRICOS.;SDMEI;;18/09/2020;17/10/2020;1
GRGA;GJA5;ENTRE RIOS (GUARAPUAVA);CSB-05 ( JORDÃOZINHO );GJ012430;PAINÉIS;ÁGUA;MANUTENÇÃO PREVENTIVA EM PAINÉIS ELÉTRICOS.;SDMEI;;20/09/2020;19/10/2020;1
GRGA;GJA2;ENTRE RIOS (GUARAPUAVA);CSB-02 ( VL. LUIZA ) (COLÔNIA VITÓRIA);GJ012449;PAINÉIS;ÁGUA;MANUTENÇÃO PREVENTIVA EM PAINÉIS ELÉTRICOS.;SDMEI;;20/09/2020;19/10/2020;1
GRGA;GJG1;ENTRE RIOS (GUARAPUAVA);EET-01 ( VL. LUIZA ) (COLÔNIA VITÓRIA);GJ012458;PAINÉIS;ÁGUA;MANUTENÇÃO PREVENTIVA EM PAINÉIS ELÉTRICOS.;SDMEI;;20/09/2020;19/10/2020;1
GRGA;DQA2;IBEMA (TURVO);CSB-02 (VILA RURAL, IBEMA);DQ000073;PAINEL;ÁGUA;MANUTENÇÃO PREVENTIVA EM PAINÉIS ELÉTRICOS.;SDMEI;;21/09/2020;20/10/2020;1
GRGA;DQG1;IBEMA (TURVO);EET-01 BOOSTER;DQ000082;PAINEL;ÁGUA;MANUTENÇÃO PREVENTIVA EM PAINÉIS ELÉTRICOS.;SDMEI;;21/09/2020;20/10/2020;0
GRGA;IKD1;GUARAPUAVA;EEB-01 ( CAPTAÇÃO );IK070797;PAINÉIS;ÁGUA;MANUTENÇÃO PREVENTIVA EM PAINÉIS ELÉTRICOS.;SDMEI;;21/09/2020;20/10/2020;3
GRGA;IKG3;GUARAPUAVA;EET-03 ( BOOSTER MORRO ALTO ) XV;IK070788;CMB-01;ÁGUA;SUBSTITUIR ÓLEO DE EQUIPAMENTOS;SDMEI;;24/09/2020;23/10/2020;1
GRGA;EMA3;CATUPORANGA (NOVA TEBAS);CSB-04;EM002594;PAINEL;ÁGUA;MANUTENÇÃO PREVENTIVA EM PAINÉIS ELÉTRICOS.;SDMEI;;25/09/2020;24/10/2020;1
GRGA;EMG1;CATUPORANGA (NOVA TEBAS);EET-01 ( BOOSTER );EM002602;PAINÉIS;ÁGUA;MANUTENÇÃO PREVENTIVA EM PAINÉIS ELÉTRICOS.;SDMEI;;25/09/2020;24/10/2020;1
GRGA;EMG4;CATUPORANGA (NOVA TEBAS);EET-03 (RAP INTERMEDIÁRIO);EM002611;PAINEL;ÁGUA;MANUTENÇÃO PREVENTIVA EM PAINÉIS ELÉTRICOS.;SDMEI;JONES M. COVALEKI (J;25/09/2020;24/10/2020;1
GRGA;EMA2;CATUPORANGA (NOVA TEBAS);CSB-03 ( EST. VELHA CTU-NOT );EM002620;PAINÉIS;ÁGUA;MANUTENÇÃO PREVENTIVA EM PAINÉIS ELÉTRICOS.;SDMEI;;25/09/2020;24/10/2020;1
GRGA;IKU1;GUARAPUAVA;EEE-01 (ESCOTEIRO);IK070715;PAINÉIS;ESGOTO;MANUTENÇÃO PREVENTIVA EM PAINÉIS ELÉTRICOS.;SDMEIE;;04/09/2020;03/10/2020;1
GRGA;IKUE;GUARAPUAVA;EEE-14 (FACULDADE);IK070724;EEE-14 (FACULDADE);ESGOTO;INSPEÇÃO E REVISÃO ELETROMECÂNICA EM UNIDADES OPERACIONAIS;SDMEIE;;04/09/2020;23/09/2020;1
GRGA;IKUB;GUARAPUAVA;EEE-11 ( SANTANA ) DJALMA;IK070733;EEE-11 ( SANTANA ) DJALMA;ESGOTO;INSPEÇÃO E REVISÃO ELETROMECÂNICA EM UNIDADES OPERACIONAIS;SDMEIE;;05/09/2020;24/09/2020;0
GRGA;GJX1;ENTRE RIOS (GUARAPUAVA);ETE-01 (COLÔNIA VITÓRIA );GJ012421;ETE-01 (COLÔNIA VITÓRIA );ESGOTO;INSPEÇÃO E REVISÃO ELETROMECÂNICA EM UNIDADES OPERACIONAIS;SDMEIE;;06/09/2020;05/10/2020;0
GRGA;GJU2;ENTRE RIOS (GUARAPUAVA);EEE-02;GJ012412;EEE-02;ESGOTO;INSPEÇÃO E REVISÃO ELETROMECÂNICA EM UNIDADES OPERACIONAIS;SDMEIE;;09/09/2020;08/10/2020;0
GRGA;IKX3;GUARAPUAVA;ETE-03 VASSOURAL;IK070779;TAMBOR;ESGOTO;MANUT. PREV. DECANTER CENTRÍFUGO FP 600/M - LUBRIFICAÇÃO ROL. GRUPO TAMBOR-ROSCA;SDMEIE;;17/09/2020;06/10/2020;0
GRGA;HID1;FOZ DO JORDÃO;EEB-01 ( CSP-01 );HI005483;BOMBA;ÁGUA;LUBRIFICAR EQUIPAMENTOS EM UNIDADES OPERACIONAIS;SDMEJ;;02/09/2020;01/10/2020;2
GRGA;LIJ1;LARANJEIRAS DO SUL;ETA-01 ( RIO DO LEÃO );LI017688;PAINÉIS;ÁGUA;MANUTENÇÃO PREVENTIVA EM PAINÉIS ELÉTRICOS.;SDMEJ;;04/09/2020;03/10/2020;0
GRGA;QXU1;QUEDAS DO IGUAÇU;EEE-01 ( R. MAMONEIRAS );QX017273;PAINÉIS;ESGOTO;MANUTENÇÃO PREVENTIVA EM PAINÉIS ELÉTRICOS.;SDMEJ;;05/09/2020;04/10/2020;1
GRGA;QXG2;QUEDAS DO IGUAÇU;EET-02 (ETA-01);QX017282;BOMBEAMENTO DE PROCESSO;ÁGUA;SUBSTITUIR ÓLEO DE EQUIPAMENTOS;SDMEJ;;09/09/2020;08/10/2020;2
GRGA;MTG4;MARQUINHO;EET-04;MT005744;PAINEL;ÁGUA;MANUTENÇÃO PREVENTIVA EM PAINÉIS ELÉTRICOS.;SDMEJ;;10/09/2020;09/10/2020;1
GRGA;MTJ1;MARQUINHO;ETA-01 ( R. XV DE NOVEMBRO );MT005762;PAINÉIS;ÁGUA;MANUTENÇÃO PREVENTIVA EM PAINÉIS ELÉTRICOS.;SDMEJ;;10/09/2020;09/10/2020;0
GRGA;LIU2;LARANJEIRAS DO SUL;EEE-02 LEÃO (A);LI017697;EEE-02 LEÃO (A);ESGOTO;INSPEÇÃO E REVISÃO ELETROMECÂNICA EM UNIDADES OPERACIONAIS;SDMEJ;;10/09/2020;29/09/2020;1
GRGA;MTA1;MARQUINHO;CSB-01 (ANTA GORDA);MT005735;CSB-01 (ANTA GORDA);ÁGUA;INSPEÇÃO E REVISÃO ELETROMECÂNICA EM UNIDADES OPERACIONAIS;SDMEJ;;10/09/2020;09/10/2020;1
GRGA;QXU8;QUEDAS DO IGUAÇU;EEE-08 SILO;QX017291;EEE-08 SILO;ESGOTO;INSPEÇÃO E REVISÃO ELETROMECÂNICA EM UNIDADES OPERACIONAIS;SDMEJ;;10/09/2020;09/10/2020;1
GRGA;MTG1;MARQUINHO;EET-01 ( R. XV DE NOVEMBRO );MT005753;BOMBEAMENTO DE PROCESSO;ÁGUA;INSPEÇÃO E REVISÃO MECÂNICA EM EQUIPAMENTOS;SDMEJ;;10/09/2020;09/10/2020;2
GRGA;NVD1;NOVA LARANJEIRAS;EEB-01;NV006662;BOMBEAMENTO DE PROCESSO;ÁGUA;INSPEÇÃO E REVISÃO MECÂNICA EM EQUIPAMENTOS;SDMEJ;;12/09/2020;23/09/2020;2
GRGA;NVG1;NOVA LARANJEIRAS;EET-01;NV006671;PAINÉIS;ÁGUA;MANUTENÇÃO PREVENTIVA EM PAINÉIS ELÉTRICOS.;SDMEJ;;13/09/2020;12/10/2020;2
GRGA;NVA1;NOVA LARANJEIRAS;CSB-01;NV006680;PAINÉIS;ÁGUA;MANUTENÇÃO PREVENTIVA EM PAINÉIS ELÉTRICOS.;SDMEJ;;13/09/2020;12/10/2020;1
GRGA;RND1;RESERVA DO IGUAÇU;EEB-01 ( AV. NAÇÕES );RN009632;BOMBEAMENTO DE PROCESSO;ÁGUA;INSPEÇÃO E REVISÃO MECÂNICA EM EQUIPAMENTOS;SDMEJ;;14/09/2020;25/09/2020;3
GRGA;HIJ1;FOZ DO JORDÃO;ETA-01;HI005492;PAINÉIS;ÁGUA;MANUTENÇÃO PREVENTIVA EM PAINÉIS ELÉTRICOS.;SDMEJ;;17/09/2020;16/10/2020;0
GRGA;QXD1;QUEDAS DO IGUAÇU;EEB-01 ( AV. IPÊ );QX017318;BOMBEAMENTO DE PROCESSO;ÁGUA;INSPEÇÃO E REVISÃO MECÂNICA EM EQUIPAMENTOS;SDMEJ;;18/09/2020;29/09/2020;3
GRGA;QXG1;QUEDAS DO IGUAÇU;EET-01 ( ETA-01 );QX017309;PAINÉIS;ÁGUA;MANUTENÇÃO PREVENTIVA EM PAINÉIS ELÉTRICOS.;SDMEJ;;19/09/2020;18/10/2020;2
GRGA;LIG2;LARANJEIRAS DO SUL;EET-02 ( INTERMEDIARIA );LI017723;PAINÉIS;ÁGUA;MANUTENÇÃO PREVENTIVA EM PAINÉIS ELÉTRICOS.;SDMEJ;;20/09/2020;19/10/2020;1
GRGA;DZU1;CANDÓI;EEE-01;DZ009795;PAINEL;ESGOTO;MANUTENÇÃO PREVENTIVA EM PAINÉIS ELÉTRICOS.;SDMEJ;;21/09/2020;20/10/2020;0
GRGA;DZX1;CANDÓI;ETE-01;DZ009803;ETE-01;ESGOTO;MANUTENÇÃO PREVENTIVA EM PAINÉIS ELÉTRICOS.;SDMEJ;;21/09/2020;20/10/2020;0
GRGA;RNU2;RESERVA DO IGUAÇU;EEE-02 (OBRA USPO);RN009641;PAINEL;ESGOTO;MANUTENÇÃO PREVENTIVA EM PAINÉIS ELÉTRICOS.;SDMEJ;;21/09/2020;20/10/2020;0
GRGA;LIU3;LARANJEIRAS DO SUL;EEE-03 INTERMEDIARIA (B);LI017705;CMB-01;ESGOTO;INSPEÇÃO E REVISÃO MECÂNICA EM SUBMERSÍVEIS;SDMEJ;;21/09/2020;10/10/2020;1
GRGA;DZD1;CANDÓI;EEB-01 RIO PASSO GRANDE;DZ009821;BOMBEAMENTO DE PROCESSO;ÁGUA;INSPEÇÃO E REVISÃO MECÂNICA EM EQUIPAMENTOS;SDMEJ;;21/09/2020;02/10/2020;1
GRGA;DZJ1;CANDÓI;ETA-01 ( 3 PALMEIRAS );DZ009812;PAINÉIS;ÁGUA;MANUTENÇÃO PREVENTIVA EM PAINÉIS ELÉTRICOS.;SDMEJ;;23/09/2020;22/10/2020;0
GRGA;LIG1;LARANJEIRAS DO SUL;EET-01 ( RIO DO LEÃO );LI017714;PAINÉIS;ÁGUA;MANUTENÇÃO PREVENTIVA EM PAINÉIS ELÉTRICOS.;SDMEJ;;25/09/2020;24/10/2020;1
GRGA;QXG5;QUEDAS DO IGUAÇU;EET-05;QX017327;PAINÉIS;ÁGUA;MANUTENÇÃO PREVENTIVA EM PAINÉIS ELÉTRICOS.;SDMEJ;;25/09/2020;24/10/2020;2
GRPG;QDSA;PONTA GROSSA;ÁREA DE AUTOMAÇÃO PONTA GROSSA SAA;QD197788;TRANSMISSOR DE VAZÃO 03.06FT01(CARLOS CAVAL;ÁGUA;PREVENTIVA EM CONJº DE MEDIÇÃO DE VAZÃO ELETROMAGNÉTICOS.;SDMI;;07/09/2020;06/10/2020;0
GRPG;QDSA;PONTA GROSSA;ÁREA DE AUTOMAÇÃO PONTA GROSSA SAA;QD197779;TRANSMISSOR DE VAZÃO 02.05FT02(VL ESTRELA);ÁGUA;PREVENTIVA EM CONJº DE MEDIÇÃO DE VAZÃO ELETROMAGNÉTICOS.;SDMI;;11/09/2020;10/10/2020;0
GRPG;QDSA;PONTA GROSSA;ÁREA DE AUTOMAÇÃO PONTA GROSSA SAA;QD197797;TRANSMISSOR DE VAZÃO 02.08FT01(IGJ ST TEREZ;ÁGUA;PREVENTIVA EM CONJº DE MEDIÇÃO DE VAZÃO ELETROMAGNÉTICOS.;SDMI;;11/09/2020;10/10/2020;0
GRPG;QDSA;PONTA GROSSA;ÁREA DE AUTOMAÇÃO PONTA GROSSA SAA;QD197805;TRANSMISSOR DE VAZÃO 04.05FT01 (CIPA);ÁGUA;PREVENTIVA EM CONJº DE MEDIÇÃO DE VAZÃO ELETROMAGNÉTICOS.;SDMI;;11/09/2020;10/10/2020;0
GRPG;QDX6;PONTA GROSSA;ETE-06 (CONGONHAS);QD197832;SENSOR ULTRASSÔNICO 06 FE 02;ESGOTO;PREVENTIVA EM CONJº DE MEDIÇÃO DE VAZÃO ELETROMAGNÉTICOS.;SDMI;;15/09/2020;14/10/2020;0
GRPG;QDX6;PONTA GROSSA;ETE-06 (CONGONHAS);QD197850;SENSOR ULTRASSÔNICO 06 FE 01;ESGOTO;PREVENTIVA EM CONJº DE MEDIÇÃO DE VAZÃO ELETROMAGNÉTICOS.;SDMI;;15/09/2020;14/10/2020;0
GRPG;QDX5;PONTA GROSSA;ETE-05 (GERTRUDES);QD197814;SENSOR ULTRASSÔNICO 05 FE 02;ESGOTO;PREVENTIVA EM CONJº DE MEDIÇÃO DE VAZÃO ELETROMAGNÉTICOS.;SDMI;;16/09/2020;15/10/2020;0
GRPG;QDX7;PONTA GROSSA;ETE-07 CARÁ CARÁ;QD197823;SENSOR ULTRASSÔNICO 07 FE 02;ESGOTO;PREVENTIVA EM CONJº DE MEDIÇÃO DE VAZÃO ELETROMAGNÉTICOS.;SDMI;;16/09/2020;15/10/2020;0
GRPG;QDX5;PONTA GROSSA;ETE-05 (GERTRUDES);QD197841;SENSOR ULTRASSÔNICO 05 FE 01;ESGOTO;PREVENTIVA EM CONJº DE MEDIÇÃO DE VAZÃO ELETROMAGNÉTICOS.;SDMI;;16/09/2020;15/10/2020;0
GRPG;QDX7;PONTA GROSSA;ETE-07 CARÁ CARÁ;QD197869;SENSOR ULTRASSÔNICO 07 FE 01;ESGOTO;PREVENTIVA EM CONJº DE MEDIÇÃO DE VAZÃO ELETROMAGNÉTICOS.;SDMI;;16/09/2020;15/10/2020;0
GRUV;WQGH;UNIÃO DA VITÓRIA;EET-17 (ÁREA 107) (NSA GRAÇAS);WQ081173;TRANSMISSOR DE VAZÃO FT53 (JUSANTE);ÁGUA;PREVENTIVA EM CONJº DE MEDIÇÃO DE VAZÃO ELETROMAGNÉTICOS.;SDMI;;14/09/2020;13/10/2020;1
GRUV;WQG6;UNIÃO DA VITÓRIA;EET-06 (ÁREA 3A) (SÃO JOAQUIM);WQ081146;TRANSMISSOR DE VAZÃO FT16;ÁGUA;PREVENTIVA EM CONJº DE MEDIÇÃO DE VAZÃO ELETROMAGNÉTICOS.;SDMI;;18/09/2020;17/10/2020;1
GRUV;WQG1;UNIÃO DA VITÓRIA;EET-01;WQ081155;TRANSMISSOR DE VAZÃO FT02 (JUSANTE);ÁGUA;PREVENTIVA EM CONJº DE MEDIÇÃO DE VAZÃO ELETROMAGNÉTICOS.;SDMI;;18/09/2020;17/10/2020;1
GRUV;WQGV;UNIÃO DA VITÓRIA;EET-31 (ÁREA 5) (EXPEDICIONÁRIO;WQ081164;TRANSMISSOR DE VAZÃO FT06;ÁGUA;PREVENTIVA EM CONJº DE MEDIÇÃO DE VAZÃO ELETROMAGNÉTICOS.;SDMI;;18/09/2020;17/10/2020;1
GRUV;WQG1;UNIÃO DA VITÓRIA;EET-01;WQ081182;TRANSMISSOR DE VAZÃO FT28;ÁGUA;PREVENTIVA EM CONJº DE MEDIÇÃO DE VAZÃO ELETROMAGNÉTICOS.;SDMI;;18/09/2020;17/10/2020;1
